{
  "hospitales": [
    {
      "id_hospital": 1,
      "nombre": "Hospital Central",
      "ciudad": "Madrid",
      "pais": "España",
      "capacidad": 500,
      "pagina_web": "https://www.hospitalcentral.es"
    },
    {
      "id_hospital": 2,
      "nombre": "Mount Sinai",
      "ciudad": "Nueva York",
      "pais": "EEUU",
      "capacidad": 1200,
      "pagina_web": "https://www.mountsinai.org"
    }
  ],

  "medicos": [
    {
      "id_medico": 101,
      "nombre": "Dr. Laura Gómez",
      "especialidad": "Cardiología",
      "id_hospital": 1
    },
    {
      "id_medico": 102,
      "nombre": "Dr. David Brown",
      "especialidad": "Neurología",
      "id_hospital": 2
    },
    {
      "id_medico": 103,
      "nombre": "Dra. Elena Ruiz",
      "especialidad": "Pediatría",
      "id_hospital": 1
    }
  ],

  "pacientes": [
    {
      "nombre": "Carlos Pérez",
      "edad": 45,
      "nacionalidad": "Española",
      "id_medico": 101,
      "habitacion": "A101",
      "tratamientos": [
        {
          "id_tratamiento": "T001",
          "descripcion": "Bypass coronario",
          "fecha_inicio": "2024-01-15",
          "duracion_dias": 10
        },
        {
          "id_tratamiento": "T002",
          "descripcion": "Rehabilitación cardíaca",
          "fecha_inicio": "2024-01-25",
          "duracion_dias": 30
        }
      ]
    },
    {
      "nombre": "Emily Johnson",
      "edad": 30,
      "nacionalidad": "Estadounidense",
      "id_medico": 102,
      "habitacion": "B202",
      "tratamientos": [
        {
          "id_tratamiento": "T003",
          "descripcion": "Terapia cognitiva",
          "fecha_inicio": "2024-02-10",
          "duracion_dias": 20
        }
      ]
    },
    {
      "nombre": "Lucía Morales",
      "edad": 5,
      "nacionalidad": "Española",
      "id_medico": 103,
      "habitacion": "P003",
      "tratamientos": [
        {
          "id_tratamiento": "T004",
          "descripcion": "Tratamiento para asma",
          "fecha_inicio": "2024-03-01",
          "duracion_dias": 15
        }
      ]
    }
  ]
}